,Team,Age,Height,Weight,College,Country,Draft Year,Draft Round,Draft Number,GP,PTS,REB,AST,NetRtg,OREB%,DREB%,USG%,TS%,AST%
0,4,31,6,161,80,36,12,1,26,69,7.1,1.5,2.6,88,2,7.8,23.1,49.4,26.5
1,21,20,6.75,220,2,36,19,1,4,78,9.2,6.5,1.6,88,8.9,21,17.1,54.1,10.3
2,3,21,6.5,210,47,36,25,3,70,21,0.9,0.7,0.1,92,4.7,13.3,13.8,37.1,3.3
3,17,25,6.8333,237,62,36,19,1,15,52,2.5,2.1,0.6,79,4.9,22,18,42.2,9.3
4,0,30,6.8333,245,30,10,12,1,3,82,15.2,7.3,3.2,94,6.2,18,20.6,56.5,16.5
5,3,31,6.8333,289,70,36,9,1,15,47,12,6.4,1.5,93,5.6,24.4,24.5,50.7,11.4
6,24,25,6.75,215,113,36,15,1,8,82,10.2,6.1,1.7,91,4.5,18.5,16.9,53.3,8.7
7,29,33,6.5,220,62,36,25,3,70,13,5,2.1,1.1,95,0.6,14.9,15.7,49.5,11.2
8,23,23,6.6666,260,15,36,25,3,70,10,2.9,3.8,0.5,89,18.4,38.7,20.1,48.1,9.6
9,28,24,6.5,214,21,36,16,1,12,31,13.3,3.5,2,88,2.3,13.9,25.1,52,14
10,23,23,7.0833,260,58,37,18,1,5,78,9,7.6,1.2,82,10.3,24.8,20.4,48.2,8.7
11,14,28,6.8333,270,105,36,25,3,70,8,2.8,3.5,0.3,86,20.2,12.2,17,34.1,5.3
12,18,28,7.1666,248,70,11,13,1,20,59,6,4.6,0.5,87,9.4,25.7,20.6,51.4,5.9
13,24,24,6.5,210,13,36,18,2,31,81,10.3,2.7,1.2,90,1.4,9.7,16.3,57.2,7.2
14,18,29,6.5,225,0,36,25,3,70,73,4.5,3.4,1,86,3.9,12.6,9.2,57.2,6.3
15,15,33,6.8333,245,70,36,7,1,9,52,5.8,4.3,0.5,91,10.1,22.9,18,59.9,5.4
16,2,29,6.75,240,70,36,10,2,56,79,7.3,6.4,1.7,94,10.4,19.4,13.7,60.2,11
17,9,33,6.9166,273,70,3,9,2,30,53,2.6,2.7,0.7,89,7.9,23,14.7,47.3,10.2
18,8,22,6.9166,279,23,36,17,1,9,81,16.2,14.8,0.8,92,15.3,34.3,24,49.9,4.2
19,9,32,6.5,215,2,36,9,1,9,65,7,4,3.4,104,3.4,12.7,12,56.5,16.5
20,26,40,6.25,200,106,36,4,1,8,39,3.7,1.3,2.2,95,3.6,10.1,16.2,60,27.6
21,20,24,6.5833,210,21,36,18,1,26,70,4.8,3.6,0.7,99,6,11.3,9.3,56.6,3.9
22,1,30,7,245,70,17,11,1,1,46,6.6,2.1,0.4,74,4.7,13.5,23.4,50,5.1
23,9,31,7,260,106,1,10,1,1,70,5.4,7,2.3,104,9.4,25.2,11.6,62.3,14.5
24,10,27,6.25,200,20,36,16,2,46,8,2.8,0.3,0.5,103,2.4,1.5,24.3,50.6,11.8
25,21,26,6.75,250,93,5,17,1,19,56,6.9,3.6,0.4,91,4.5,21.6,20.9,56.7,5
26,17,21,6.6666,199,45,5,19,1,1,81,20.7,3.6,2,89,4.3,7.4,26.9,54.3,9.8
27,27,23,6.6666,245,68,5,18,1,1,19,1.5,1.2,0,77,6.4,29.3,18.1,44.6,0
28,13,23,6.5833,210,95,36,20,2,34,29,4,2.4,0.7,85,1.5,11.6,11,42.7,4.8
29,18,23,6.8333,253,47,36,17,1,1,61,24.3,10.3,1.9,85,6.4,26.2,29.6,55.9,10
30,20,30,6.4166,210,36,36,25,3,70,68,5.6,0.9,0.4,94,1.3,6,17.1,54.3,3.7
31,8,31,6.6666,240,24,36,25,3,70,72,5.3,3.2,0.7,89,3,15.9,12.6,54.3,5.8
32,23,21,6.4166,200,47,36,18,1,29,57,8.9,2.5,2.1,79,2.6,11.4,23.1,49.8,17.4
33,8,29,6.8333,260,115,1,25,3,70,81,6.3,4.7,0.6,85,12.2,22.3,18.7,56.3,7
34,19,30,6.4166,210,103,36,12,1,27,71,12.8,3.7,2,86,1.1,10.9,18.1,53.1,9.7
35,12,23,6.3333,200,28,36,17,1,10,67,8.9,1.9,1.5,87,1.6,8,19.5,52.3,11.6
36,2,25,6.1666,180,100,36,15,1,19,76,15.2,2.9,2.1,94,2,7.3,20,53.8,9.5
37,7,23,6.5833,210,70,11,25,3,70,21,3.6,1.5,0.7,87,3.2,8.7,12.5,49,6.8
38,25,23,6.4166,195,45,36,18,1,7,68,7.8,2.2,1.2,89,2.6,8.3,17.4,53.1,7.6
39,14,33,6.25,205,70,29,9,1,28,44,4.7,1.6,2.6,88,1.3,10.1,17.2,49.6,25.6
40,27,23,6.75,245,70,9,16,1,7,82,5.5,8,0.4,93,11.5,28.1,11.7,58.6,2.5
41,12,27,6.8333,251,77,36,14,1,1,35,21.4,8.4,4.9,97,4.8,22.1,29.2,54.4,25.8
42,26,27,7.25,290,70,28,25,3,70,54,5.5,3.6,0.4,96,16.6,27.5,22.9,66.2,7.2
43,4,21,6.9166,230,4,36,20,1,22,62,7,5.4,0.8,82,11.4,21,20.7,46.9,7.6
44,1,27,6.6666,216,70,8,16,2,31,79,11.2,3.2,1.3,81,1.9,11.8,19.4,55,7.3
45,26,34,6.6666,250,70,11,8,1,21,76,6.4,3.1,2.3,100,4.9,13.9,16.8,58.2,18.2
46,29,23,6.4166,207,30,36,17,1,3,55,17.4,3.4,2.9,88,2.7,9.9,25,54.7,15.3
47,14,28,6.8333,210,72,36,12,1,8,12,6.9,3.6,0.5,76,7.3,14.8,15.6,66.3,5
48,12,23,6.5,225,62,36,20,2,56,6,0.8,0.7,0,65,11.1,6.7,9.2,46,0
49,13,31,6.6666,250,52,36,10,2,33,66,7.2,4.3,1.1,87,8.5,15.3,13.8,61.9,8.8
50,21,26,6.0833,169,70,36,14,1,10,48,6.9,2,3.5,90,2,10.3,19.8,49.1,29.8
51,23,24,6.25,189,47,36,16,1,8,52,19.6,3.9,5.1,83,2.1,9.9,26.3,52.2,23.4
52,9,30,6.5,220,45,36,13,1,13,72,4.2,2.5,0.8,90,2.3,15.4,12.8,56,7.2
53,24,30,6.0833,173,26,36,25,3,70,51,4,0.8,1.1,83,1.3,8.6,19.6,55.2,20.5
54,15,23,6.1666,165,111,36,25,3,70,7,4.4,3.6,3,67,4,12.7,11.8,38,17.5
55,1,28,7,275,95,36,13,1,10,73,20.6,7.8,2,86,9.4,16.7,27.6,56.2,10.6
56,27,20,6.75,205,70,3,19,1,20,6,0.5,0.3,0.2,87,2.2,2.4,16.4,12.5,3.3
57,14,23,6.0833,165,83,36,25,3,70,8,1,0,0.4,59,0,0,17.9,40,13.6
58,18,23,6.5,203,44,36,25,3,70,14,5.6,3.4,1.1,83,2.8,17.5,14.1,50.5,7.6
59,24,24,6.3333,200,50,36,18,1,10,80,20.8,3.2,4.3,92,1.8,8.4,27,54.4,21.1
60,11,29,6.5,231,70,36,10,2,34,64,11.8,2.7,1,89,1.9,11.2,22.5,54.7,6.9
61,21,32,6.1666,175,98,36,25,3,70,33,4.3,2,2.7,87,1.7,9.4,12,46.1,18
62,12,25,6.4166,195,114,36,19,1,28,23,3,0.5,0.4,98,0.7,6.3,20,49.1,9
63,8,25,6.75,250,69,1,19,2,49,18,1.9,1.6,0.3,82,3.8,23.5,19.8,39.1,9.1
64,20,21,6.25,185,66,36,20,1,14,57,5,1.5,1.9,87,1.4,12.1,20.6,49,24.1
65,22,32,6.75,248,84,36,12,2,31,36,9.8,4.1,0.9,79,9,20.2,23.9,60.5,10.2
66,19,32,6.6666,240,96,36,8,1,3,72,21.8,7.7,4.2,89,4.3,19.5,29.5,53,20.9
67,25,36,6.5833,228,23,36,7,1,10,17,3.7,1.3,0.6,77,2.9,11.5,16.3,49,9.9
68,6,27,6.8333,230,30,36,16,2,38,61,13.7,4.7,2.8,91,1.8,15.8,20.8,58.9,15.8
69,5,33,6.9166,255,2,36,10,1,8,70,6.1,3.3,1,93,3.3,19.2,15.6,58.6,8.6
70,12,33,6.5,240,47,36,25,3,70,2,2,4,1,88,0,28.6,11.2,69.4,13.3
71,6,31,6.9166,232,23,36,10,1,7,62,5.1,2.5,0.4,82,3.6,21.3,24.4,47.3,6.3
72,23,28,6.5833,209,2,36,14,2,44,66,4.1,2.3,1,89,4.8,12.9,14.2,51.4,9.8
73,14,37,6.8333,245,7,36,25,3,70,27,3.9,3.6,0.4,79,10,19.1,10.9,59.8,4.5
74,15,32,6.9166,235,36,36,8,1,4,53,19.1,7.4,2.4,91,3.2,21.1,25.3,57.1,12.9
75,16,32,6.75,239,21,36,25,3,70,24,2.1,0.4,0.5,63,0.7,7.3,17.7,46.2,12
76,28,26,6.5,206,26,36,25,3,70,70,2.9,1.9,0.6,94,3.7,13.4,13.7,48.2,8.2
77,24,34,7,265,16,36,8,1,6,16,2.8,1.5,0.7,76,7.7,17,21.3,49.6,18.6
78,1,21,6.9166,200,96,36,20,1,29,24,4.7,2.8,0.4,73,7.4,14.5,16,47,3.8
79,12,31,6,175,113,36,10,1,4,74,19.5,4.2,10,101,1.8,11.9,26.9,57.5,49.3
80,22,20,6.9166,220,68,36,25,3,70,17,3.6,2.2,0.2,76,8.2,19.2,18.7,49,3.5
81,19,25,6.6666,210,121,36,19,2,34,17,1.8,1.5,0.4,90,2.8,14.6,14.8,37.1,5.8
82,24,20,6.6666,240,45,36,25,3,70,8,1.3,0.8,0,74,8.7,11.8,15.1,50,0
83,10,22,6.8333,240,70,32,19,1,25,77,7,6.4,0.6,93,14.1,22.5,15.9,55.3,5
84,3,23,7,240,41,36,18,1,4,73,8.7,6.2,1,94,8.6,20.1,15.4,59.2,6.1
85,12,27,6.9166,250,45,36,15,1,11,60,5.5,4.8,0.8,91,12.2,28.4,19,62.6,10.7
86,10,30,6.75,186,30,36,12,1,7,82,7.2,2.4,1.3,87,2.7,10.2,17.6,48.1,10.2
87,23,25,6.75,218,5,36,19,2,60,8,2.8,2,0,79,12.2,19.6,20.9,44.6,0
88,27,24,6.25,190,100,5,16,1,29,80,8.5,2.6,3.1,96,2.1,9.2,17,51.2,19.9
89,2,23,6.5833,225,70,36,25,3,70,3,2,0.3,0,114,0,33.3,36.3,75,0
90,3,30,6.4166,200,119,36,13,1,22,79,9.6,2.6,1.7,92,1.4,8.7,15,55.1,8.8
91,4,23,6.8333,275,70,3,25,3,70,31,3.4,3.3,0.8,95,10.9,25.2,13.6,60.1,11.5
92,13,20,6.4166,195,76,36,20,1,2,80,13.2,3.4,3.3,77,2.1,11.3,24.1,50.7,21.3
93,7,28,6,183,100,36,13,1,9,62,7.5,1.5,3.2,88,0.8,8.1,18.3,57.5,25.7
94,5,35,6.5,225,28,36,8,1,20,1,13,5,2,83,2.8,11.4,15.7,46.4,6.7
95,24,25,6.25,195,116,36,17,1,6,75,25.1,4,6.8,90,1.8,10.5,31,56,33
96,16,21,6.6666,246,70,11,19,2,31,20,1.8,1.6,0.5,80,1.6,19.5,15.8,44.4,11.2
97,17,30,6.75,230,70,8,25,3,70,33,2.3,0.6,0.3,87,2.2,6.5,12.6,57.2,5.8
98,7,27,6.8333,225,70,17,13,1,6,53,19.5,5.3,2.5,86,3,14.3,22.8,58.2,12.2
99,26,29,6.5,215,72,36,14,2,46,79,7.2,3.8,1.8,102,2.6,13.4,14.5,49.2,9.2
100,18,29,6.6666,230,109,36,14,2,33,80,6.1,3,1,83,3.1,10.8,11.1,54,5.6
101,7,28,6.75,235,45,36,13,1,27,70,7.5,4.2,1.4,87,6.2,15.1,16.8,51.4,10.2
102,25,28,6,175,103,36,14,1,21,74,14,2.3,4.3,87,1.4,7,19.3,59.1,21.9
103,8,23,6.5,205,109,36,20,2,38,38,4,1.2,0.7,89,1.4,11.5,19.8,51.1,11.7
104,6,33,6.75,245,30,36,10,1,30,55,7.8,5.5,1.5,87,12.2,24.7,21.5,56.8,16.2
105,26,35,6.75,250,124,36,8,1,18,78,7.1,4,1.8,101,6.1,18.7,17.9,57.3,15
106,12,27,6.9166,265,101,36,13,2,35,77,12.7,13.8,1.2,100,11.5,32.1,15.4,62.8,5.1
107,29,27,6.5833,270,82,36,14,2,37,29,2.1,2,0.4,78,9.7,20.3,17.2,41.4,7.7
108,27,26,6.5833,220,92,36,14,1,9,78,23.5,4.5,4,93,2.7,11.6,29.7,55,20.8
109,25,25,6.9166,270,47,36,15,1,5,65,26.9,11.5,3.3,90,7.8,27.4,35.2,53.8,16.7
110,27,29,6.6666,212,64,36,14,1,27,26,11,4.7,1,92,4.3,13.4,17.9,49,5.6
111,27,24,6.4166,190,106,36,20,1,20,27,3.8,1.4,1.1,95,4,13.6,22.6,54,22.6
112,0,22,6.0833,172,70,13,18,1,17,80,11,2.6,4.4,97,1.8,12.3,29.3,51,36.8
113,6,32,6.25,200,40,36,10,1,3,65,14.1,2.9,5.8,90,1,8.8,22.1,53,29.5
114,28,24,6.8333,265,36,36,15,1,3,62,16.4,8.1,1.5,91,10.2,20,23.9,55.1,8.6
115,4,27,6.25,190,59,36,13,1,1,66,16.4,3.4,4.7,85,2.3,8.6,27,47.9,25
116,19,25,6.6666,240,2,36,16,1,2,80,9.3,3.7,0.9,82,3.5,19.1,23.4,55,9.6
117,23,19,6.5,206,47,36,20,1,13,76,13.8,2.5,2.6,80,1.4,8.3,23.1,53.5,16.2
118,6,33,6.25,185,122,36,9,1,5,64,7.6,2.2,1.8,88,1.5,10.2,17.5,55.9,14.9
119,21,23,6.5,200,43,36,19,2,56,28,2.1,1.4,0.4,85,2.3,13.4,15.5,36.8,7.2
120,21,26,7,245,92,36,25,3,70,58,4.4,3.9,0.2,87,10.8,25,15.2,60.6,2.9
121,20,24,6.3333,220,96,36,17,1,4,78,9.8,2.6,2,93,1.9,8.2,17.6,49.2,10.3
122,6,38,7,245,70,13,3,1,9,75,18.3,6.5,1.8,93,2.5,20.2,25.5,55.5,9.6
123,1,28,6.25,205,101,36,25,3,70,61,7,2.8,4.4,84,1.5,13.1,16.5,53.6,29.3
124,10,25,7,222,70,19,16,1,20,37,6.2,2.9,1.1,94,7.7,14,21.7,50.4,11.6
125,4,24,6.6666,225,24,36,19,1,11,81,9.4,2.4,0.7,86,2.1,9,17.1,56.1,4.9
126,9,26,6.5833,230,62,36,17,2,35,81,14,9.5,7.4,108,5.6,22.2,18.6,58.7,27.7
127,29,34,6.8333,250,45,36,7,1,4,30,2.7,2.8,0.4,78,9.3,23.4,17.4,37.6,6.6
128,25,24,6.75,220,122,8,25,3,70,1,6,4,1,71,6.3,8,16,30,6.7
129,10,30,6.9166,265,70,36,9,1,1,71,13.7,11.8,1.4,90,11.7,29.3,18.7,60.4,7.1
130,6,24,6.9166,240,95,5,19,2,45,69,5.8,4,0.6,89,9.1,21.4,18.2,55.7,7.7
131,15,34,6.3333,220,56,36,8,1,5,74,19,4.1,4.6,91,4.2,10.8,31.5,51.7,26.7
132,4,27,6.3333,191,84,36,16,2,55,59,7.5,2.3,1.7,89,1.7,9.2,16,54.8,11.8
133,24,27,6.8333,240,72,36,15,1,13,81,6.5,7.4,1.1,91,14.2,23.9,12.8,61.6,7.8
134,21,22,6.3333,185,54,36,19,1,10,73,10.7,3.6,6.4,87,3.8,9.6,20.1,47.8,31.7
135,28,28,6.5,225,1,36,25,3,70,20,1.8,1.8,1,96,3.8,17.9,14.6,38.4,16.4
136,3,27,6.4166,190,59,36,15,1,22,5,1.6,0.8,0.8,89,2.6,7.9,13.7,34,14.3
137,22,37,6.75,254,28,36,4,1,1,17,4.1,3.7,1.1,84,3.6,24.5,17.4,46.1,14.2
138,7,20,6.4166,200,70,9,20,1,7,68,12.8,3.4,5.5,86,1.7,10.7,25.3,43.7,28.1
139,20,24,6.9166,245,47,34,16,1,3,82,12.7,8.1,0.4,92,16.8,25.6,23.4,62.6,3.2
140,23,26,6.0833,190,47,36,15,1,18,31,20.4,4,6.1,87,1.8,11.2,27.3,55.7,29.8
141,18,27,6.3333,215,41,36,13,1,7,45,15.2,2.2,2.7,87,0.8,6.7,20.5,56.5,12.9
142,25,24,6.8333,238,81,36,25,3,70,8,1,1.4,0.1,91,7.9,15.7,9.6,51.5,2.9
143,7,25,6.3333,185,112,36,18,2,46,9,1.4,0.7,0.3,88,8.6,11.5,15.1,46.8,10.7
144,21,29,6.8333,235,70,34,10,2,36,74,10.4,5.4,0.9,85,7.8,16.7,18.2,52.6,5.5
145,21,23,6.5833,205,70,11,17,1,20,79,15.4,2.8,2.7,86,1.4,8.5,20.3,58.7,12.8
146,2,27,6.5833,220,76,36,15,1,2,81,10.5,4.9,4.4,91,2.3,16.5,18.7,51.3,24.7
147,9,26,6.9166,265,108,23,17,1,30,46,7,5.6,0.7,104,14.1,22.4,18,55.9,6
148,3,23,7,240,122,36,20,1,9,81,7.5,4.1,1.2,89,4.4,17.1,17,51.3,9.5
149,29,30,6.5,195,52,36,25,3,70,80,7.3,2.7,1.8,90,2,10.3,14.2,52,10.2
150,7,21,6.3333,210,62,36,19,1,19,76,12.3,2.9,1.9,84,2.4,7.7,16.3,56.6,9.3
151,29,31,6.3333,210,102,36,25,3,70,40,9.8,2.1,1.2,81,1.5,10.8,21.1,55.8,9.9
152,11,30,6.25,188,42,36,13,1,26,74,12.1,4,3.5,92,2.6,10.5,16,55.5,15.7
153,15,30,6.5833,205,70,36,10,1,18,69,8.9,2.4,0.8,91,1.9,9.6,19.8,49.1,5.7
154,24,28,6.4166,215,28,36,14,1,12,72,8.7,2.9,1,91,2.3,13.7,20.3,52.6,8.4
155,16,21,6.9166,222,70,15,18,1,15,80,16.9,7.7,4.3,87,4.7,20.2,22.3,56.6,19.5
156,11,22,6.5833,222,61,36,19,2,40,45,3.8,1.5,0.6,85,2.5,11.8,16.1,50.8,7.7
157,15,30,6.25,190,70,29,13,2,45,72,14.1,3.8,5.8,94,2.6,10.1,21.5,53.7,27.6
158,28,26,6.6666,226,12,36,15,1,9,80,19.7,5,3.7,91,2.5,13.5,25.6,55.9,18.1
159,17,26,6.9166,241,55,27,18,1,21,82,10.1,7.1,1.7,90,8.6,22.2,16.9,60.1,9.9
160,16,26,6.9166,265,33,36,15,1,7,79,15.3,8.8,2.3,87,10.9,23.9,23.4,56.2,12.8
161,17,25,6.0833,250,32,36,25,3,70,18,2.4,2.3,0.3,72,6.9,18.6,10.8,54.5,4.9
162,16,29,6.5,217,58,38,15,1,28,23,5.7,2,4,81,1.2,10.5,18.9,43.5,32
163,9,24,6.6666,225,72,36,17,1,7,66,11.7,4.9,1.8,100,4.3,12.7,15.9,55.9,7.7
164,15,27,7,265,57,36,15,2,33,73,14.2,11.8,0.4,93,13,31.6,20.5,62.9,2.2
165,1,26,6.8333,248,33,36,25,3,70,14,6.5,5.1,0.6,73,8.4,23,17,50.4,5.4
166,22,25,6.6666,206,33,36,25,3,70,77,9.8,3.5,1.3,81,2.6,11.3,16.1,52.5,7.2
167,9,25,6.25,175,6,36,25,3,70,66,3.6,1,1,84,2.6,10.1,20.1,54.4,17.1
168,11,29,6.9166,250,70,11,10,1,28,71,9.3,7.1,1.5,94,8.4,22.1,15.8,60.3,9
169,5,26,6.4166,220,36,36,16,1,17,54,5.8,3.8,1.7,97,2.8,14.3,13.3,47.5,10
170,22,25,6,201,66,36,18,2,34,77,11,2.3,1.8,77,1,9,19.8,52.8,12
171,2,27,5.75,185,114,36,16,2,60,82,22.2,3,6.2,93,1.8,8,29.3,56.2,31.2
172,22,27,6,175,113,36,25,3,70,77,12.6,4,6.5,82,2,12.7,23.8,46.5,37
173,28,24,6.5833,220,91,36,25,3,70,2,0,0.5,0,41,0,25,7.7,0,0
174,5,30,6.5,225,70,36,9,1,18,77,12.4,2.8,1.7,96,2,8.4,17.8,54.2,8.2
175,29,27,6.75,242,73,36,13,1,19,35,5.9,3.8,0.7,82,9.5,22.6,22.2,51.4,9.1
176,12,32,6.3333,190,28,36,11,1,11,75,16.3,1.9,1.4,102,0.5,6.5,22.4,63.2,8
177,7,23,6.75,214,94,36,25,3,70,73,5.1,2.6,0.6,83,4.2,13.4,16.8,50.4,6.2
178,14,26,6.75,227,0,36,25,3,70,78,7.4,4.8,0.9,88,10.3,19.7,19.3,52,7.4
179,6,28,7,270,67,36,13,1,18,34,5.1,3.9,0.1,83,14.8,23.1,21.2,57.4,1.5
180,16,21,6.6666,250,28,36,19,1,2,76,14.1,5.2,1.7,86,5.9,12.7,20.8,53.5,8.6
181,2,25,6.5,235,56,36,17,2,34,73,14.2,5.1,1.8,94,3.1,14.1,18.4,56.5,8.7
182,22,20,6.9166,275,28,36,20,1,3,53,17.5,7,1.2,73,8.4,17.8,27.8,53.6,8.8
183,12,36,6.4166,195,61,36,5,1,8,79,14.2,1.8,2.3,92,1,6.6,24.6,52.9,14.5
184,7,34,6,190,88,36,9,1,20,39,7.7,2.9,4.9,83,1.9,10.9,16.6,46.4,28.7
185,25,27,6.5,213,78,36,15,1,20,51,3.5,1.7,0.8,86,1.9,10.4,13.7,46.9,7.8
186,18,25,6.5833,210,51,36,18,2,50,22,7.2,1.9,1,83,7.4,7.8,20,62.1,10.4
187,10,26,6.4166,220,3,36,14,1,3,82,29,6.1,7.5,91,2.2,15.7,32.5,59.8,35.4
188,27,29,6.75,250,113,36,14,1,16,57,5,2.2,1.2,89,3.5,12.1,16,53.2,11.3
189,5,35,6.6666,218,60,36,8,2,49,48,3.7,1,0.3,85,1.8,9.9,16.3,58,5.4
190,9,23,6.75,240,72,36,25,3,70,41,2.9,1.4,0.4,74,12,13.1,20.1,55.4,11
191,2,20,6.5,215,47,36,19,1,17,29,1,0.9,0.3,83,2.1,12.9,9.5,38.4,6.3
192,5,25,6.3333,195,81,36,17,1,24,44,2.7,0.9,0.5,86,0.9,10.2,16.9,46.4,7.4
193,29,30,6.5833,225,8,36,12,1,22,81,7.9,3.5,2.1,91,2.9,12.8,12.9,60.2,11.2
194,2,24,6.75,260,76,36,17,1,21,81,10.3,8.3,2.3,94,10.6,27.1,21.8,47.6,14.8
195,29,24,6.5833,218,112,36,25,3,70,26,2.4,0.9,0.2,79,1.3,15,20.1,46,5.8
196,14,22,6.8333,239,52,36,20,1,25,27,5.7,3.2,0.6,84,10,15,18.2,53.4,6.5
197,14,22,6.75,263,98,36,19,2,35,7,1,0.6,0.1,110,7.1,17.6,14.1,59.5,8.3
198,1,32,6.25,200,36,36,10,1,22,32,12.8,4.3,7.4,84,0.9,13.8,21.3,50.5,34
199,21,30,7,240,22,36,12,1,20,76,7.2,2.9,0.8,88,5.1,16.3,22.4,51.3,8.7
200,10,38,6.1666,185,2,36,4,1,10,72,5.9,1.1,1.4,89,1.2,5.8,15,54,12.5
201,27,29,6.9166,250,87,36,13,1,12,47,3.1,2.9,0.6,91,7.5,23.4,14,55.8,9.4
202,12,29,6.75,250,3,36,14,2,31,17,1.8,1.3,0.3,71,4.2,17,14.2,58.5,7.8
203,12,29,6.75,235,33,36,12,1,5,80,11.7,4.2,1.7,89,3.8,13.2,20.7,51,10.2
204,0,28,6.1666,186,113,36,14,1,19,79,15.7,2.7,5.9,91,1.6,8.3,26.3,55.1,34.1
205,28,26,7,231,45,36,18,2,39,51,4.3,3.4,0.4,94,10.2,20.9,15.3,57.7,5.1
206,22,22,6.6666,210,96,36,19,2,39,77,9.7,4.7,1.8,80,5.1,13.9,18.3,50.6,10.6
207,6,28,6.75,200,119,36,15,2,55,30,2.4,1.8,0.1,85,4.7,16.7,11.6,62,1.3
208,3,24,6.4166,185,23,36,17,1,12,66,8.8,3.8,1.2,95,3.9,18,21.9,52.9,11.1
209,3,27,6.25,200,38,36,25,3,70,78,11.7,3.2,3,92,2.2,11.1,22,53.4,19.2
210,19,23,6.3333,195,75,36,20,1,19,76,5.6,1.9,2.3,83,2,10.5,18.9,47.9,23.6
211,16,27,6.25,200,2,36,13,1,11,52,10.4,2.7,3.1,85,1.6,9.2,16.7,56.8,16.8
212,26,27,6.1666,195,10,36,16,1,10,6,1.5,0,0.2,18,0,0,24.2,62.5,50
213,4,26,6.5833,220,56,36,16,1,30,67,20.9,5.3,4.8,89,3.5,11.6,24.5,56.2,21.8
214,4,31,6.9166,232,30,36,12,1,9,29,4.3,8.8,3.8,89,14,26.6,13.9,40.6,25.6
215,8,28,6.3333,210,47,36,14,2,41,3,7.3,1.7,1,102,2.6,10.3,24.3,50.6,14.3
216,5,24,6.5,219,110,36,19,2,33,5,0.6,0.6,0.4,34,0,37.5,14.2,37.5,18.2
217,28,28,6.6666,226,70,1,25,3,70,81,4.2,1.9,1.2,87,1.7,12.4,13.3,57.2,12.5
218,15,35,6.5833,240,4,36,6,1,10,81,12.2,3.6,3.9,88,2.1,10.1,18,53.8,17.2
219,11,24,6.1666,180,80,36,20,2,43,41,3.8,1.2,1.6,84,1.7,12.3,24,42.8,26.1
220,8,33,6.75,245,68,5,25,3,70,19,0.9,1.1,0.1,83,9.3,15.1,7.4,66.6,2
221,7,24,6.9166,220,70,11,18,2,55,59,7.9,4.9,0.9,80,8.3,23.2,19.9,56.7,9.3
222,16,25,6.9166,229,72,36,17,1,14,57,7,3.9,0.9,85,10.5,15.2,19.2,58,9.6
223,23,25,6.3333,215,108,36,17,1,23,43,4.1,1.3,0.8,83,1.7,10.2,17.4,52.2,11.1
224,29,25,6.3333,195,47,36,15,1,1,77,19.9,4.9,10.2,90,1.7,13.8,28.4,51,44.9
225,16,23,6.75,257,52,36,19,2,36,66,3,2.7,0.5,84,9,15,13.8,44.1,5.7
226,23,27,6.8333,228,122,36,16,2,40,67,8.5,5.6,1.1,87,6.5,25.9,19.9,55.5,9
227,2,29,6.8333,231,70,31,14,2,39,78,4.4,3.7,0.8,92,7,19.9,13.6,53.1,7.8
228,27,24,7,255,70,19,16,1,5,60,12.8,9.1,0.7,93,14.2,27.3,20.7,61,4.5
229,26,26,6.5,195,39,36,25,3,70,55,6,1.7,1.1,97,2.5,10.9,19,58.6,10.8
230,14,21,6.4166,209,103,36,19,1,22,2,3.5,1,1.5,95,0,18.2,28.6,42.7,27.3
231,13,24,6.4166,194,64,36,19,2,46,79,15.5,4,2.4,76,3.7,9.6,22.8,51.6,13.9
232,14,29,6.1666,180,103,36,11,1,26,12,9.2,2.1,3.1,76,1.4,9.7,18.2,52.7,19.8
233,18,25,6.5833,220,100,36,16,1,26,11,11.4,5.6,2.3,78,4.3,19.4,20.8,49.9,12.8
234,11,28,6.8333,235,2,36,14,1,8,73,8.8,6.2,1.2,91,11.2,20.9,20.4,53.4,9.6
235,5,25,6.4166,179,98,36,19,2,58,22,4.5,0.9,1.1,100,2.4,8.2,25.3,54.8,21.6
236,2,21,6.6666,235,52,36,20,2,33,16,1.3,0.8,0.1,99,10.2,14.3,20.8,39.8,3
237,3,27,6.25,189,14,20,25,3,70,12,1.8,0.6,1.4,101,0,10.3,15.5,69.4,39.5
238,19,34,6.25,200,70,30,25,3,70,72,7.6,3.2,4.1,88,1.2,10.9,12.6,57.1,21.3
239,6,32,6,185,74,25,25,3,70,74,10.9,2.1,4.1,88,1.7,8.5,23.5,53.6,30.1
240,20,24,6.5833,230,95,36,19,1,29,5,2.8,2,0,86,4.5,15.7,13.2,50.9,0
241,15,29,6.8333,240,28,36,12,2,37,42,3.6,2.5,1.9,92,4.4,15.7,15.4,45.3,20.4
242,15,22,6.5,200,98,36,20,2,40,52,6.6,2.1,1.4,93,2.3,8.5,13.7,56.9,9.8
243,10,30,6.75,225,70,36,9,1,17,55,6,3.5,1.6,85,5.9,17.7,22.6,43.9,17.2
244,18,26,6.3333,205,103,36,14,1,17,65,16.8,3,6,89,1.6,10.6,28.7,52.9,36.5
245,13,21,6.75,250,47,36,19,1,7,81,11.3,10.2,1.8,74,7.7,32.7,21.2,48.2,11.1
246,6,22,6.5,228,110,36,20,1,21,55,3.8,2.4,0.5,92,2.9,18.8,15.5,52.2,7.1
247,1,26,6.8333,225,86,36,16,2,32,5,2.6,0.2,0,38,0,3.8,17.7,59.7,0
248,4,27,6.5,185,114,36,25,3,70,53,4.5,1.7,1.1,86,1.7,11.1,16.4,48.9,11.1
249,15,20,6.5833,225,28,36,20,1,10,78,6.4,5.2,1.5,93,4.2,15.8,12.4,48.9,7.7
250,7,21,7,280,70,2,19,1,16,32,8.2,5.5,1.3,88,12.8,22.7,27.2,46,12.3
251,10,23,6.5,205,18,36,19,2,32,37,2.4,1.1,0.3,108,7.8,10.4,18.8,52.2,5.9
252,17,20,7,244,47,36,20,1,1,82,18.3,10.5,2,87,10.2,27.1,24.7,59,10.8
253,26,25,6.5833,230,91,36,16,1,15,72,21.2,6.8,2.6,104,4.6,18.2,25.8,61.6,12.8
254,21,24,6.0833,185,62,36,25,3,70,5,1.2,0.2,0.2,110,0,4.2,20.1,33.8,5.9
255,2,25,7,238,37,5,18,1,13,69,10,4.1,1.5,95,5.4,15.8,20.7,56.1,11.9
256,29,20,6.5833,205,45,36,20,1,15,63,3.7,2.1,0.2,88,3.9,17.7,17.3,50.7,2.9
257,3,26,6.0833,184,23,36,16,1,9,81,20.9,4.4,5.2,94,2.1,11.6,26.5,55.4,25.3
258,22,24,6.3333,200,72,36,17,1,13,30,3.7,0.9,2.4,75,0.5,7.6,18.1,44.9,26.6
259,18,31,6.8333,270,70,36,8,1,27,37,2.5,3.5,0.8,84,5.3,22.5,10.6,52.9,7.7
260,7,26,6.6666,228,65,36,16,1,22,67,12.5,8.7,1.2,85,15,23.2,20.7,57.7,7.7
261,0,26,6.4166,201,79,36,25,3,70,75,11.6,5.1,2.3,93,1.5,17.6,19.9,55.1,12.7
262,8,23,6.4166,205,34,36,18,1,8,76,14.5,3.7,1.8,92,2.6,8.5,18,52.1,7.5
263,20,27,6.75,240,100,36,12,1,2,72,28.2,8.2,5,101,2.1,20.9,30.5,63.4,23
264,17,40,6.9166,240,70,36,0,1,5,38,3.2,3.9,1.6,96,3.1,26.2,11.7,49.1,16.4
265,5,27,6.8333,251,103,36,13,1,5,77,16,9.9,2.4,98,7.1,28.7,23.5,55.3,11.9
266,26,33,6.5833,199,118,36,9,1,26,55,9.3,2,1.1,84,1.4,10.2,22.2,52,8.9
267,19,26,6.8333,278,49,11,15,1,17,48,3.9,2.6,1,79,6.5,19.4,22.3,43.5,15.7
268,9,20,6.75,220,103,36,20,1,30,5,1.8,2,0,48,16,37.5,15.4,64.3,0
269,16,24,6.6666,234,101,36,17,2,39,79,18.2,3.8,4.2,89,1.8,10.3,22.9,56,18.3
270,0,35,6.3333,190,45,36,8,1,7,46,3,1.5,1.6,91,1.4,10.7,11.7,50.4,17.3
271,9,26,6.5833,215,115,36,16,1,11,80,22.1,3.8,2.1,105,1.5,10,26.4,59.7,9.4
272,13,37,6.5,212,70,36,1,1,13,66,17.6,3.7,2.8,74,2.3,12.3,31.9,46.9,18.3
273,25,27,7,265,76,36,13,1,23,78,6.8,5.4,0.4,82,12.2,19,15.5,54,3.4
274,7,25,6.6666,235,70,15,17,2,48,26,2.6,1.5,0.6,89,3.2,12.5,14.5,46.4,7.7
275,0,31,6.75,235,63,36,9,1,14,53,6.5,4.1,0.7,84,7.3,21.6,19.2,51.7,6.8
276,19,20,7.25,240,70,18,20,1,4,72,14.3,7.3,1.3,89,7.1,20.6,24.5,51.8,7.6
277,26,22,6.75,230,103,36,19,1,30,78,4.5,3.1,1.6,100,2.4,20.1,14.7,52.8,14
278,0,35,6.5833,212,24,36,8,2,51,80,9.2,3.3,2.1,96,0.6,10.8,13.5,57.7,9.5
279,27,30,6,205,109,36,11,1,24,77,21.2,4.7,6.4,96,2.3,12.4,26,57.8,29.3
280,19,26,6.8333,250,71,36,17,2,49,65,4.8,3.8,1.1,85,11.4,23.7,21.2,52,16.1
281,20,28,6.6666,228,28,36,16,2,33,68,3.4,2.1,0.4,89,5.6,9.9,11.7,48.1,3.5
282,5,24,6.25,193,28,1,16,1,1,53,19.6,3,4.7,95,3,7.8,29.3,54,25.3
283,26,30,6.9166,240,100,36,11,1,2,74,18,8.5,1.5,102,9.1,22.2,26,56.5,8.1
284,0,24,6.4166,225,82,36,25,3,70,35,2.4,1.4,1.1,93,1.2,14.1,12.6,46.8,13.4
285,14,25,6.4166,230,17,36,15,2,40,69,8.3,3.2,1.9,87,3.2,15.2,19.9,54.8,15.2
286,19,28,6.6666,235,28,36,25,3,70,59,8.2,2.2,0.9,89,3,7.9,17.2,55.7,6.6
287,19,24,6.1666,200,88,36,25,3,70,82,7.6,3.5,2.5,87,2.3,13.1,15.5,49,16.1
288,13,23,6.75,230,123,36,20,1,27,63,5.5,5,0.7,84,8.6,18.4,12.6,54.4,5.5
289,11,27,6.75,255,97,36,16,2,50,79,5.4,5.4,1,96,11.4,18,13.1,53.2,7
290,5,31,6.6666,250,70,36,8,1,1,76,25.3,7.4,6.8,101,4.7,18.7,31.1,58.8,33.9
291,9,33,6.25,194,70,3,8,1,28,68,6.4,1.7,1.2,93,2.8,9,17.9,54.5,11.2
292,8,25,6.4166,189,73,36,18,2,52,8,2.5,0.9,1.4,60,0,14.9,26.1,37.4,30.6
293,19,33,6.75,220,68,36,25,3,70,29,1.8,1.7,0.4,80,11.5,13.7,17.5,40.1,10.7
294,13,29,6.0833,175,70,36,10,2,45,67,15.3,2.5,2.5,79,1.7,8,22.7,58.4,14.9
295,12,29,6.6666,230,103,4,13,2,37,75,3.1,2.3,0.4,101,5.3,9,9.7,49.8,3.2
296,27,23,7,220,70,3,18,1,16,29,2.2,1.6,0.2,98,8.7,13.6,12.5,64.2,4.4
297,24,23,6.5833,185,117,10,25,3,70,12,1.2,0.3,0.1,32,0,11.8,26.6,33.7,6.7
298,27,36,6.75,240,70,0,7,2,55,76,8.7,4.8,0.9,87,6.1,19.9,19.3,52.3,6.6
299,18,27,6.75,225,67,36,15,1,16,47,7,3.1,1.1,86,3.2,16.6,17.2,52.6,9.2
300,15,31,6.75,220,28,14,9,1,7,74,12.3,6,1.9,91,5.2,15.5,17.1,54.9,8.7
301,26,38,6.5,205,70,0,4,2,57,58,9.6,2.5,3.1,104,2.8,11.5,23.1,57.3,23.4
302,14,31,7.0833,255,70,30,12,2,48,52,16.6,7,3.8,89,3.6,20.2,23.9,52.8,19.5
303,13,33,6.25,200,70,3,25,3,70,53,4.5,1.7,3.4,90,2.3,9.3,16.5,48.8,32.7
304,29,32,6.9166,240,70,24,10,2,57,75,13.5,9.9,1.4,90,10.7,25.2,18.8,59.2,7.2
305,25,30,6.4166,210,70,17,12,1,18,68,10.2,1.7,1.9,83,0.6,7.1,19.9,50,11.7
306,8,26,6.75,235,45,36,16,1,14,80,14.1,5.1,2.5,91,3.4,12.6,18.4,53.1,10.7
307,2,22,6.3333,220,78,36,19,1,6,61,9.1,4.2,3,92,4.7,11.7,17.2,46.3,16.2
308,29,29,6.3333,205,52,36,14,2,43,61,9.7,2.5,1.4,89,3.7,11.2,24,51.1,12.5
309,15,30,6.1666,190,45,36,13,2,34,61,10.3,2.6,3.8,92,2,11.1,21.8,56.1,27
310,21,21,6.6666,218,70,8,20,1,5,79,6.1,2.2,1.4,88,2.2,12.1,16.9,54.1,11.3
311,1,24,6.25,190,78,36,19,2,44,62,5.9,2,1.5,78,2.6,12,18.7,50,14.2
312,29,26,6.8333,245,45,36,16,1,13,64,12,5.5,1.9,85,4.9,19.5,24.3,48.9,12.5
313,9,28,6.8333,255,30,36,13,1,16,72,7.1,3.3,0.8,91,10.1,20.5,30.2,50.6,12.6
314,3,30,6.75,237,72,36,10,1,2,81,11.7,6.4,1.4,95,5.9,18.7,16.9,58.5,7.4
315,24,26,6.9166,235,28,36,18,1,22,82,9.1,7.7,2.8,91,10.6,22.3,17.3,56.4,16.1
316,14,36,6.5833,226,103,36,7,2,45,76,10,5.5,2.1,84,4.1,17.9,17.7,50.3,11.7
317,26,36,6.8333,235,30,36,8,2,45,30,2.5,0.9,0.3,107,1.9,13.3,14.6,64.7,6.1
318,5,25,6.3333,198,90,1,25,3,70,76,7.5,2.1,4.4,100,2.1,7.6,15.9,52.7,26.5
319,24,23,6.75,215,94,36,17,1,15,78,6.4,3.6,0.9,91,7.6,13.3,15.5,54.1,6.8
320,13,36,6.5833,260,94,36,4,1,16,35,5,2.5,0.8,84,3.3,12.5,16.5,43.5,7.8
321,24,24,7.0833,245,40,36,17,1,11,61,8.4,5.1,1.5,91,4.2,21.3,17.6,56.1,10.3
322,10,27,6.8333,235,46,36,13,1,2,20,12.8,4.9,0.8,81,8.4,19.8,29,56.3,8.6
323,16,24,6.5,190,96,36,18,1,11,54,11.5,5.1,5.2,86,3.3,15.4,21,49.8,26.4
324,3,22,6.5833,232,47,36,17,1,2,7,12.7,6.4,1.3,105,6.5,16,17.9,60.3,6.9
325,14,28,6.0833,175,76,36,12,1,4,56,15.3,2.9,6.1,91,1.7,9.3,23.1,53.8,32.4
326,4,35,6.75,230,28,36,7,1,3,31,7.2,2.7,1.3,84,1.2,11.6,14.4,54.3,7.6
327,7,36,6.6666,218,30,36,5,1,5,47,1.3,1.1,0.9,75,1.6,14,9.2,50.8,15.9
328,0,24,6.9166,240,11,36,18,2,44,60,3.3,2,0.6,87,7.5,15.7,15.8,57.6,9.9
329,0,27,6.6666,237,110,36,17,2,43,75,6.2,2.7,1,95,5.2,14.4,17.6,57.5,10.6
330,16,27,6.9166,249,28,36,17,1,26,61,5.1,3.8,0.3,85,12.1,17.4,15.4,60.6,3
331,23,30,6.75,242,70,2,25,3,70,79,12.2,3.8,1.1,84,3.5,16.4,23.3,57.1,8.8
332,20,24,6.8333,255,61,36,19,1,21,20,1.3,0.9,0.2,57,6.8,22.2,20.8,47.4,7.1
333,5,33,6.0833,198,0,36,8,2,47,41,8.2,1.8,2.4,85,0.9,9.9,22.7,52.7,23.1
334,11,30,6.25,185,70,36,10,2,40,81,13.8,3.3,4.7,92,1.7,9.1,21,50.4,22.2
335,10,22,6.6666,240,55,36,20,2,32,39,3.6,1.7,0.4,95,7.6,10.8,14.4,63.5,6.7
336,11,20,6.9166,243,100,36,20,1,11,60,10.3,5.5,0.7,88,5.4,20.7,21.1,53.1,5
337,18,32,5.75,180,114,36,10,1,21,2,0,0,2,46,0,0,1.9,0,28.6
338,20,38,6.8333,250,47,36,3,1,29,5,1.6,0.8,0,80,5.6,15.8,20.6,68,0
339,17,28,6.8333,240,70,28,25,3,70,60,5.1,3.5,1.4,84,5.4,17.8,12.7,59.4,11.5
340,29,33,6.9166,250,70,3,7,1,7,57,9.2,4.5,1.7,92,5.4,22.7,22.3,56.4,14.5
341,22,22,6.9166,228,47,36,18,1,6,67,11.1,8.1,1.8,79,8.5,22,18.9,54.4,10.7
342,20,35,6.8333,255,45,36,8,1,12,59,2.1,2.9,0.9,93,10.7,16.1,10.7,49.8,10.3
343,13,31,6.5833,210,92,36,12,1,16,54,7.3,1.8,0.6,79,1.5,9.2,18.8,48.3,5.8
344,3,27,6.6666,200,70,11,13,1,25,70,14.9,6.1,5.8,94,2.5,16.6,21.5,54.6,26.2
345,22,22,6.5,205,61,5,19,1,8,73,8.5,2.5,1.9,78,1.3,10.1,16.6,51.7,11.9
346,7,21,6.8333,250,70,28,25,3,70,80,10,7,2.4,91,11.3,24.8,19.8,58.2,17.6
347,4,25,6.8333,220,70,21,16,1,23,66,11.8,5.5,1.5,90,3.9,19.7,21.1,56.4,9.5
348,17,30,6.9166,307,70,21,13,2,31,12,4.5,1.8,0.9,71,5.3,11.8,20.8,45.9,13.1
349,21,25,7,260,92,21,16,1,16,65,18.2,8.9,2.8,87,9.2,22.3,26.7,53.1,15.4
350,24,20,6.75,240,41,36,19,1,9,78,3.6,3.9,0.4,87,8.3,20.2,13.2,47.1,3.7
351,27,23,6.3333,215,103,36,20,2,46,49,5.6,2.3,1,94,2.6,14.2,17.9,54.1,10.2
352,18,27,6.1666,175,19,36,16,1,28,45,10.6,3.4,3.7,84,0.9,13.7,21.6,46.5,21.9
353,16,28,6.4166,210,92,36,13,1,3,41,7.8,2.6,2.9,88,1.3,9.4,16.9,47.4,15.6
354,18,29,7,255,70,34,13,2,36,68,4,6.1,0.4,80,10.3,28,11.5,55.1,3.2
355,25,28,6.75,225,70,16,14,1,23,69,11.8,5.9,1.4,89,3.4,19.6,17.7,58.7,7.4
356,18,27,6.4166,220,15,36,17,2,36,7,3.7,2.1,0.3,73,3.5,14.1,16.9,34.6,3.1
357,29,23,6.6666,198,33,36,18,1,3,75,11.6,5.2,1.6,90,4.7,14.8,16,56.4,7.6
358,14,23,6.5,230,72,36,19,1,26,66,6.2,2.6,0.6,84,2,13.6,16.4,47,4.5
359,23,31,6.5,245,100,36,11,2,35,82,8,6.2,2.2,82,7,15.2,12.7,50.6,10.4
360,12,39,6.25,185,70,0,25,3,70,59,2.5,1.9,2.2,87,5,10.3,11.2,48.2,23.5
361,24,23,6.4166,206,75,36,20,2,41,34,1.1,0.9,0.3,83,8,14.4,18.8,35.2,11.5
362,10,27,6.0833,185,4,36,14,2,42,71,9.9,3.5,3.4,93,4,9.7,15.5,55.3,17.5
363,27,27,6.75,235,47,36,15,1,14,79,6.9,4.3,1.2,99,4.6,14.6,13.1,53.4,7
364,26,27,6,185,90,1,14,2,55,81,8.5,2,2.8,102,1.9,8.7,19.3,54.1,19.7
365,4,35,7,250,70,30,6,1,3,72,16.5,11,4.1,88,7.3,27.7,24.6,52.9,21.5
366,11,26,6.75,220,32,36,15,1,10,81,23.1,7,4.1,93,3.1,18.7,30.1,55.7,20.3
367,0,31,6.6666,246,53,36,11,2,47,81,17.1,9,3.3,94,8.3,21.3,24,55.6,16.2
368,12,38,6.5833,235,45,36,3,1,10,68,6.1,2.7,1,92,1.1,15.1,18,48.9,8.8
369,24,25,5.9166,175,64,36,25,3,70,23,3.3,1.3,3.3,83,1.1,10.9,17.8,43.3,39.5
370,25,25,6.5833,240,5,36,17,2,37,59,5.2,3.2,0.5,82,7.9,15.4,13.1,62.9,4.5
371,2,22,6.4166,185,35,36,20,1,28,36,2.7,1,0.4,86,0.6,13.1,15.5,48,6.8
372,25,30,6.0833,186,47,36,11,1,21,72,11.9,6,11.7,86,3.3,15,18.7,50.6,47.3
373,11,24,6.75,250,96,36,20,2,36,1,4,1,0,4,25,0,15.4,100,0
374,29,30,6.25,190,67,36,12,2,56,82,9.9,2.5,2.9,88,1.7,12.3,22,56.5,22.8
375,20,32,6.3333,213,109,36,11,1,7,81,5.9,1.9,2,91,1.6,8.6,16,46.1,14.4
376,16,19,6.5,202,104,36,20,1,17,70,3.1,1.3,0.6,83,1.2,8.6,13.3,39.8,5.5
377,26,37,6.5833,215,48,36,7,2,52,46,2.7,1.2,0.5,101,0.8,13,12.9,55.8,7.9
378,28,24,6.0833,179,70,3,18,2,47,81,5.9,1.5,2.1,93,1.4,8,17.6,53,19
379,26,25,6.25,190,27,36,18,2,36,41,3.3,1.1,1.5,93,1.8,9.6,16.8,44.9,18.5
380,6,32,6.0833,205,72,36,10,1,5,80,9.5,3.2,3.6,90,1.8,11.1,18.4,50.2,20.5
381,8,25,6.5833,205,72,36,18,1,25,37,3.3,1.8,0.7,82,3.4,15.1,11.7,58.3,10
382,8,26,6.25,208,8,36,16,1,24,79,18.8,3.2,6.2,91,2.5,9.2,28.8,53.5,34.4
383,5,36,6.5833,233,2,36,6,1,13,74,5.5,1.7,0.8,87,1.3,9.6,13.6,58.5,7
384,22,22,6.8333,245,9,36,20,2,37,51,5.6,2.6,0.6,87,9.9,12.1,17.5,56.4,7.3
385,17,25,6.3333,194,70,30,14,1,5,76,10.1,4.3,8.7,91,2,13.9,17.6,52.9,40.2
386,22,25,6.75,215,99,36,25,3,70,67,12.8,6.3,1.4,82,3.5,21.1,21.3,54.3,8.3
387,13,27,7,270,37,5,17,2,60,25,3.5,2.9,0.6,83,9.7,13.8,13.8,47.4,7.2
388,19,28,7,255,95,36,13,1,15,82,10.3,7.3,1.4,88,13.2,16.1,17.6,57.4,8.3
389,28,23,6.6666,206,28,36,19,1,23,79,14.5,3.4,2.7,92,1.8,10.7,21.8,54.2,14.2
390,11,30,6.4166,205,29,36,12,1,15,58,8.9,2.7,2.4,90,1.7,11.6,20.7,50.4,17.9
391,1,21,6.5833,220,2,36,20,1,23,29,5.8,5.3,1.5,87,6.7,19.9,13.2,51.9,10
392,23,33,6.1666,190,107,36,25,3,70,62,5.3,1.6,2.4,86,2.1,6.8,13.7,51.7,18.7
393,13,29,7.1666,270,33,36,13,1,17,81,5.9,4.9,1.2,72,7.1,15.4,13,50.7,8.2
394,25,29,6.6666,230,23,36,11,1,8,70,17.2,6.5,1.7,87,4.7,16,22.5,53.8,7.8
395,28,24,7.0833,245,70,11,18,1,27,61,9.1,11,1.5,94,13,27.3,14.3,58.2,7.3
396,14,25,6,165,55,36,19,2,47,15,1.5,0.6,0.7,66,1.7,14.3,23.9,41.5,31.4
397,20,27,6.25,200,103,36,13,1,4,80,23.5,7.8,10.4,100,6.1,17.8,31.3,55.4,46.8
398,18,28,6.8333,240,13,36,13,1,21,66,17,6,1.1,88,6.9,15.3,24.2,54.6,5.9
399,14,31,7,240,103,36,11,2,50,37,3.4,2.6,0.3,72,10.8,14.3,11.7,63.6,3.4
400,13,25,6.9166,230,28,36,18,2,48,36,4.2,3.4,0.6,89,4.6,22.9,17.6,44,7
401,6,30,7.1666,245,70,33,25,3,70,34,3.7,3.6,0.3,96,11.4,21.1,14.1,63.6,3.8
402,10,22,6.75,230,122,36,20,1,18,3,0,0.3,0,92,0,20,0,0,0
403,5,31,6.9166,260,45,26,13,2,56,25,0.9,1,0.1,86,14.3,15.4,13.4,52.7,5.2
404,19,32,6.5833,195,70,29,9,1,27,61,4.9,2.4,1.4,88,3,15.1,16.4,50.3,14.6
405,1,26,6.3333,219,17,36,25,3,70,31,11.1,1.8,0.9,77,2.1,8.3,23,57.6,7.8
406,20,26,6.8333,245,70,7,13,1,24,78,12.6,6.8,0.8,99,6.5,16,17.6,53.3,3.7
407,1,22,6.5833,208,70,26,18,1,19,40,2.4,1.5,0.9,91,2.4,15,12,56.2,11.4
408,25,25,6.1666,185,28,36,25,3,70,44,6.8,1.4,1.5,86,1.4,8.1,17.6,60.3,14.8
409,17,23,6.5,223,103,36,18,1,14,82,10.5,3.3,0.6,83,7.1,11.7,22.9,54.8,5.5
410,21,24,6.0833,175,23,36,19,1,24,55,3.7,1,1.8,84,1.6,8.7,20.2,46,25.3
411,1,23,5.9166,175,60,36,18,1,18,78,7.3,2.3,4.4,80,1.8,10.4,17.5,51.5,30
412,9,30,6.5833,192,70,36,9,1,4,78,6.3,2.2,3,98,3.2,8.9,14.5,58.1,22.2
413,11,25,6.9166,250,120,36,25,3,70,7,1.6,1.7,0.4,81,11.6,19.4,18.2,46.3,12
414,28,26,6.25,203,12,36,16,2,34,52,8.6,2.5,3.6,93,1.4,12.5,23.4,50.7,29.2
415,11,25,6.5833,225,2,36,18,1,23,59,4.2,2.8,1,94,4.9,15.6,13.1,54.3,9.3
416,23,29,6.5,205,4,36,13,2,39,43,2.5,1.2,1.1,79,1.4,10.9,13.2,45.9,14.8
417,4,23,6.5,200,21,36,19,2,38,12,4.8,1.4,1.8,73,2.5,9.4,21.3,42.3,29.7
418,3,28,7.0833,245,114,36,12,1,10,57,6,4.3,1.9,92,5.3,20.1,17.1,50.8,17.1
419,8,20,6.5833,245,2,36,20,1,8,73,8.1,4.2,1.6,86,3.6,16.4,19.6,46,11.3
420,9,28,6.25,190,25,36,14,1,7,79,30.1,5.4,6.7,108,2.9,13.1,32,66.9,31.5
421,8,36,6.25,172,58,36,8,2,38,58,4.4,1.5,3.4,86,1,9.2,14.8,51,31.1
422,16,33,6.8333,225,56,36,11,2,32,10,2.4,0.5,0,95,0,10.2,18,65.1,0
423,20,22,7,255,82,22,18,1,12,80,8,6.7,0.8,101,12.4,15.8,12.7,62.1,4.2
424,22,24,6.1666,200,2,36,25,3,70,81,6.1,3.1,4.5,82,2.9,15.4,17.1,51.1,36
425,23,22,6.6666,230,73,36,19,1,14,47,11,3.1,0.9,82,5.7,10,19.8,54.9,6.8
426,4,31,6.75,225,92,36,14,1,26,73,8.6,6.9,1.5,87,11.6,15.5,14.8,55.6,8.3
427,13,24,6.75,250,45,36,25,3,70,39,3.4,4,0.4,90,10,25.7,13,53.7,5.3
428,17,36,6.75,212,47,36,7,1,23,77,2.9,1.9,1,88,2.5,8.9,8.3,46.6,7.3
429,10,24,6.75,252,47,36,17,1,18,50,8.7,4.2,0.8,79,6.4,16.6,19.5,51.9,6.9
430,27,25,6.5833,195,114,36,17,1,8,73,9.9,2.5,0.8,95,1.4,10.4,18.3,55.1,5.3
431,2,22,6.1666,190,55,36,20,1,16,39,1.8,1.6,0.9,83,7.1,13.4,17.6,32.6,19.9
432,0,32,6.5833,220,70,32,11,1,13,75,6.4,4.5,1.4,93,3.4,17.1,12.5,57.9,9.3
433,1,28,6.6666,221,36,36,12,1,12,73,15.1,9,1.9,85,8.3,22.7,21.9,53.3,9.4
434,19,23,6.5833,205,70,15,19,2,51,2,3,0.5,0,63,0,12.5,28.8,75,0
435,1,25,6.8333,237,45,36,17,1,5,71,4.3,5.1,0.6,76,15.2,29.3,19.2,45.3,8
436,0,31,6.9166,245,70,3,12,1,28,36,5.6,3.3,0.8,99,9,14.5,15.4,57.1,7.7
437,28,26,7.25,256,70,13,15,2,31,12,2,1.3,0.2,84,9.5,13.4,19.9,46.4,4.3
438,26,40,6.9166,250,113,35,2,1,1,61,8.6,7.3,2.7,103,8.7,23.4,17.4,52.3,15.3
439,18,25,6.0833,170,70,36,25,3,70,51,5.1,2.2,3.2,89,3.9,12.6,19.8,49.9,33.9
440,0,24,6.5,205,61,36,18,1,24,51,6.4,1.7,1,96,0.9,9.7,16.4,56.3,8.9
441,5,29,7.0833,275,70,26,25,3,70,76,6.3,4.4,0.4,90,9.7,18.7,16.5,59.3,3.9
442,8,23,6.75,235,98,36,16,1,19,76,14.7,6.7,2.2,89,4.2,18.4,19.5,56,10.6
443,18,30,6.1666,195,31,36,14,1,29,61,8.7,2.3,2.6,85,2,11.1,19.2,54.3,18.8
444,14,34,6.3333,213,78,36,9,1,25,64,8.4,4.6,1.1,88,7.1,14.3,17,50.5,6.8
445,26,34,6.1666,185,70,11,6,1,28,72,11.9,2.4,5.3,100,1,8.9,21.4,54.6,29.4
446,4,24,6.5833,200,69,36,18,1,20,64,5.3,3.1,1,94,1.6,13.2,13.7,47.8,7
447,19,23,6.5,205,114,36,17,1,25,8,8.4,2.6,2.5,65,1.5,14.1,32,41.2,27.4
448,10,31,6.6666,215,103,36,9,2,43,81,12.7,4.5,2.3,90,2.6,11.9,15.8,55.1,10
449,28,28,6.6666,228,18,36,15,1,23,79,5.9,5.7,1.1,91,11.9,20.2,14.4,53.3,8.3
450,28,23,6.0833,191,61,36,18,1,9,64,10.6,1.8,2.3,88,1.5,8,24.7,50.7,20.1
451,28,20,6.8333,234,47,5,20,1,12,80,6.1,3.7,0.7,89,4.8,20.3,18.3,51.7,7.2
452,5,25,6.75,238,100,5,16,1,4,82,7.8,9,0.8,97,13.3,23.3,11.6,61.1,4
453,3,24,6.3333,205,111,36,25,3,70,43,5.6,1.3,0.5,87,1.6,11.9,20.2,63.4,8.3
454,11,28,5.9166,195,72,36,14,1,18,66,5.7,1.8,3.6,83,1.9,7.2,14.7,47.6,25.1
455,16,21,6.25,194,96,5,19,1,18,46,4.5,1.6,2.1,84,2.3,10.8,17.3,51,22.5
456,3,30,6.75,250,72,36,14,1,13,44,2.4,2,0.2,88,11.9,17.4,14.6,52.2,3.8
457,15,24,6.3333,186,32,36,25,3,70,36,8.7,3,2.2,92,3.8,10.4,17.2,57.9,15.1
458,2,26,7,253,72,36,17,1,17,60,6.1,3,0.5,86,9.1,16.8,23,53.9,7.3
459,18,26,6.5,220,59,36,14,1,4,25,15.2,5.2,6.6,89,2.9,15.9,25.4,53.4,36.6
460,23,33,7.0833,240,70,36,6,1,2,66,7.2,8.7,1,77,11.6,27.2,12.8,60.6,6.4
461,17,20,6.1666,195,28,36,20,1,24,37,4.2,1.3,2.9,80,1.4,8.3,15.9,45,27.8
462,15,36,6.6666,235,30,36,25,3,70,37,1.6,2,0.4,90,5,30.1,13.6,43.2,8
463,21,24,6.3333,210,41,36,18,1,2,72,16,4.8,3.9,89,2.2,13.5,22.8,53.4,18.2
464,14,39,6.5,220,72,36,3,1,5,60,6.6,2.4,0.9,87,3.3,13.2,18.1,52,8.9
465,0,24,7.25,260,70,6,25,3,70,11,2.3,1.9,0.3,86,13.2,22.2,16.8,55.5,5.5
466,1,28,6.3333,200,72,36,14,1,28,76,7.7,2.3,1.1,79,1.3,10.7,17.6,49.8,8.2
467,12,28,6.5833,215,96,36,15,1,4,80,6.9,3.1,0.6,93,2.4,13.7,15.7,51.3,4.5
468,6,29,6.4166,220,56,36,25,3,70,78,12.5,3.1,1.9,92,1.1,8.9,17.4,53.2,8.8
469,7,25,6.5,175,59,36,17,2,40,82,14.4,5.8,2.5,86,2.8,20.2,23.1,53.5,14.7
470,25,22,7,240,47,36,20,1,6,66,7,5.3,0.6,87,10.5,16.6,13.3,58.8,3.8
471,1,26,6.8333,220,89,36,25,3,70,39,4.7,3.1,0.3,82,13.2,20.6,18,57.9,3.9
472,14,24,6.25,180,85,36,25,3,70,14,5.7,2.2,1.6,80,1.3,14.4,17.2,48.1,13.6
473,17,21,6.4166,189,103,36,19,1,13,82,14,2.8,3.1,84,1.4,10,23.3,54.8,18.7
474,14,34,6.75,260,62,36,6,1,19,68,15.3,7.8,2.1,88,10,21,24.7,51.9,12.5
475,6,32,6.9166,275,70,12,8,2,42,76,8.6,9.4,1.7,90,13.7,26.2,16.4,55,10.1
476,21,28,6.6069876241,231.147622163,45,36,19,1,27,63,12.0808083266,3.8846464945,3.7839208257,89.4856671782,9.6239312896,15.2600094841,20.9271955811,57.9136016856,25.6435563617
477,19,28,6.7300068134,224.601303046,28,36,16,2,46,75,11.4055153875,3.9143191987,2.5774964523,93.9373960461,9.4822737143,22.24344609,22.7488282734,59.3435476952,15.7354307264
478,17,32,6.6422808812,235.334626925,28,36,23,2,31,61,16.4207915885,6.7446949046,2.9755387455,97.7396288318,7.9321622218,23.2264776935,19.4642203069,58.5550918795,18.6265449914
479,16,29,6.9568013058,226.299342713,36,36,16,2,47,65,14.5766846109,4.3375005082,3.3795144262,92.3105793618,10.5059002561,23.5004641731,20.4568135975,54.7649262682,17.2700342097
480,10,33,6.9693365362,228.908215508,47,36,17,2,30,74,9.810921386,4.7500358407,2.4234899458,89.8842513736,8.5775674421,18.6597950758,21.4149163246,60.0809811288,13.9785315514
481,16,31,6.6892083409,236.859580368,26,36,17,2,55,55,13.2434964537,6.2574271086,3.0226453982,95.4694026327,7.3311616527,22.0848193649,24.2527577886,59.2913677752,21.3010179611
482,21,29,6.7555510801,223.741365449,28,36,18,2,27,82,15.6654347593,5.529851574,3.9323273083,87.758839723,8.5955004578,16.1475359031,19.3549316885,55.9582934182,22.0318003759
483,17,27,6.8934598851,241.870874183,55,36,22,1,55,94,12.7465387998,3.8172850973,2.5993388947,98.5138306427,8.0937605517,17.9212058265,19.4232041797,60.8299039476,20.208650741
484,16,29,6.9646855533,229.672241885,30,36,17,2,40,93,12.2376054984,4.2808168655,2.2000320814,93.4283894503,7.6934689167,20.1656196858,23.0438557632,53.8970602199,16.8962009621
485,13,31,6.9054407174,234.928577134,28,36,22,1,51,80,14.2070297778,6.5870485518,2.4399476868,93.9107853365,5.1363090818,16.3932693924,23.2209392903,56.3613523213,16.4527579121
486,8,29,6.979545683,226.739693954,47,36,19,2,29,72,12.8589410793,4.7069287451,2.4061296276,94.8590091735,6.3456680104,16.6242195693,25.0269106789,61.9107740848,18.9168953483
487,11,32,6.7928442735,252.177065412,55,36,18,2,58,56,9.4891166203,4.2392690223,2.1103758812,93.1552630783,7.000729721,20.6875096026,27.164033875,55.9725648527,23.6310190913
488,7,28,6.7168575611,244.793337853,45,36,20,2,53,66,17.0128787614,4.9306338708,2.0149543056,96.3063214872,5.6535888096,23.7505257505,22.7068034668,58.2054631515,19.588128932
489,15,29,6.6240439846,242.17457009,30,36,16,2,56,93,11.0077568146,5.8045708074,2.2343053912,96.1748009808,9.5437571363,20.9900735472,27.1304052,60.2537209265,25.1023389208
490,21,32,6.7193398797,239.886689191,42,36,16,2,57,62,9.6018546939,7.0548369083,1.9559797193,94.9340259627,10.0699635219,20.7351492033,23.1636043763,53.1653369956,18.7354425433
491,21,32,6.6517770162,254.843077261,28,36,22,1,38,90,18.0239000586,5.8309936652,3.9645970212,89.8644213083,7.4231183358,22.7951013824,22.7577789711,53.2739962109,17.9151010523
492,19,34,6.7549935047,256.090832435,26,34,24,1,64,86,11.4706638227,5.5475660233,2.0092375852,94.0308691806,9.0939379035,24.0119764348,20.9486597418,60.2146744546,23.7421239547
493,11,28,6.8104683573,253.772548201,2,36,20,1,61,63,11.3199912067,6.342963385,4.2337604448,90.2062823,9.5828497517,17.5142805566,22.8445940617,57.9751630379,25.7277212934
494,14,32,6.7268055971,254.796850844,28,36,18,1,60,67,16.2850334711,7.1480656797,3.4990237409,89.3165470364,5.8227723254,22.5208503216,25.0671706292,56.2496218771,24.1249799771
495,12,33,6.9388231325,242.026043387,4,36,21,2,51,94,12.3458747456,5.321881395,2.1307213837,87.8197601289,5.0080639352,23.7930304845,24.2148005558,57.5639316413,13.6969581862
496,19,31,6.9880579345,241.023451699,2,36,20,2,37,61,11.5248780428,5.387109101,3.0117484192,92.3275587312,6.6399084685,16.7824764597,26.2316147534,57.5244282898,19.0799149921
497,16,30,6.7810502687,242.395047872,45,36,24,1,41,66,15.693209614,5.3841839249,3.510381473,96.2960247306,8.1959900854,23.9533961789,20.3386373326,53.1702265366,20.0966140911
498,21,31,6.8222814968,251.746337017,28,36,19,1,50,80,10.3136154632,4.053943572,1.8811117632,89.3830777465,9.6434916986,15.8084897687,22.5638724613,58.2593081785,18.4675040378
499,13,33,6.9736366888,235.200937514,122,31,22,2,50,90,14.9190189808,5.9682199468,3.2970392819,89.5600117963,8.2411205913,16.3549630319,19.6985683531,57.2246924852,22.0758773087
500,18,27,6.8512334824,239.51172346,70,1,22,2,66,75,15.1740430528,7.1870061902,4.2739902681,88.1739377039,7.5673301478,17.3141037388,26.1164575762,54.1722739599,20.7461141981
501,8,32,7.0174380432,265.459625878,78,36,22,2,69,92,12.2400942647,3.8831403951,2.0442162307,86.9493301846,7.7462087015,23.1597532302,21.1052276304,58.5700714318,15.0474623244
502,7,31,6.9900490061,232.389796059,110,30,19,1,54,56,16.4600294483,5.3753624026,3.0028284997,97.2038306966,5.8439033383,17.5107260832,25.821612089,62.5143204904,15.5734557675
503,16,33,6.864239021,225.418547533,96,36,25,2,45,70,11.0724399695,4.1456555868,3.4447454441,93.148160498,8.300778373,23.4859729083,23.1289847259,58.8772605026,17.0458035279
504,16,33,6.9832748996,263.37448849,101,1,19,2,69,79,14.7669992346,6.0953762166,3.4805540719,91.8646678662,8.9049848346,19.3170924042,22.4264088498,61.043487252,28.1513341761
505,15,31,6.9944370413,263.870681289,70,36,16,2,61,65,10.9894259053,6.2485685425,2.5495765872,97.112132275,7.7636504684,18.8905456018,24.6056186121,58.7018662317,14.4992546057
506,7,29,6.9126144573,226.83755772,70,36,24,1,45,78,11.7573094933,4.7714587847,2.038338804,94.7322286756,8.9341325492,25.0989662307,22.6018983763,53.5207170999,23.4174026338
507,11,33,7.0526766638,254.597195469,122,30,21,2,37,61,12.0928631829,4.2951430947,3.35117491,91.860370648,10.4163624174,23.5284342527,24.1260424009,55.710605696,28.0198426782
508,7,28,6.9889231217,229.549987887,113,36,19,2,58,69,16.2880189774,4.2204339996,3.2145026269,95.4144571501,8.0078847132,15.8188350355,22.6131004042,59.1341205203,20.2988823588
509,7,29,6.8773601443,224.270689043,103,32,22,2,50,64,9.5660234118,3.5430202731,2.4514814757,98.8238695326,11.1369796031,15.5341599052,18.8424876744,59.5838093919,19.6139507353
510,10,33,6.7724085202,229.015459266,94,36,19,2,63,92,16.2419155437,7.168546474,2.3105213852,92.4481461264,5.374271149,22.2510235009,18.9370621139,56.1881391152,20.0554985064
511,15,33,6.8224039174,261.939629462,96,17,18,2,49,73,15.2591073858,4.5140898492,3.1543389454,91.9745737395,10.3522562429,18.8964100706,23.0315151899,53.9059808069,14.6341816148
512,18,30,6.6047704073,222.906317072,70,28,20,2,49,92,10.956847977,6.3129748798,2.227605841,99.4743140418,7.1562386438,24.6214396076,21.1329333253,62.3029331952,25.3765973125
513,9,27,7.0223555283,263.133827863,70,36,22,2,42,71,11.1185653715,4.3460226408,4.3485947235,95.7203405615,9.421685777,22.1669947196,21.6302999754,61.4535110171,23.5835448738
514,8,30,6.8757824675,243.596634731,95,36,23,2,66,90,11.7912843652,5.2930124638,1.924283069,98.8362316329,5.255135958,15.8833496962,24.0589310911,61.72768162,13.9592201199
515,20,33,6.6793936545,249.822475027,96,36,20,1,64,61,8.4343744333,4.2316012234,4.3303543305,91.5286045807,8.5752082139,20.343965744,25.1968174262,53.760547731,25.2538938678
516,16,27,7.0523547636,252.361773246,70,36,19,2,37,95,15.0349087022,6.5801779301,3.7733538128,95.1525313398,11.6802013426,16.4702235886,24.0514121921,61.6325530983,20.639044725
517,20,28,7.0804653113,225.980573555,103,36,22,2,51,74,11.6837939422,6.5583549148,2.1737711753,90.7062367581,9.2376988798,19.3417972139,24.8983032823,58.543862683,24.51413334
518,19,29,6.8543769567,243.322949323,122,36,24,1,55,93,10.4381361832,6.3145066299,3.6287328624,101.601664013,8.4427581362,20.8122628279,18.8173046287,59.2352104868,23.5766199457
519,9,33,7.0812162309,253.061607215,121,36,16,2,60,57,15.4356034527,6.9546795484,1.9914567816,88.5357396077,9.9369855425,20.7100801651,23.698211049,63.1765338676,17.4192768445
520,16,27,6.818483347,265.765190526,100,18,22,1,32,69,11.6118220561,4.6354252907,2.7013533634,93.6410045291,5.8405691352,16.9834716281,25.4867891697,62.2811289674,15.6282921949
521,8,28,6.7716184049,223.430213653,70,36,19,2,56,95,14.8118461178,5.8850129131,4.1737488397,94.270261828,9.31778852,22.1978373289,20.8929555119,60.8960433534,18.9790474901
522,17,28,7.0699449089,254.814205583,70,28,21,2,60,86,15.2733550415,4.1946042418,2.6858265367,88.262146453,6.0872374456,15.5655667428,25.3616332977,55.8402251653,26.7212607004
523,11,33,6.7164688835,263.044242415,62,36,19,1,69,83,9.0471154357,6.1950281095,3.5347409293,92.3117792176,9.2737396165,19.9818451812,21.8905690605,57.1143735522,15.5882469587
524,13,31,6.7134059541,235.305974947,76,36,22,2,36,84,9.8122534442,3.8399564673,3.2714741325,87.9025590955,11.2591740595,17.7717137268,24.3302655374,53.1993428168,24.2680879223
525,14,30,6.6717818599,239.117390355,70,36,23,1,40,68,10.3614758607,3.5870543786,2.3937328401,93.2345179945,8.9808753808,24.3356551525,22.939454695,60.649064354,23.2982526091
526,10,29,6.7685180085,231.59390814,70,36,19,2,66,60,16.2011062377,5.9381923566,2.3301863439,88.7145002588,10.2159015248,25.417959351,19.919919965,54.1333940533,13.3386677476
527,17,33,6.9114866605,249.416846966,61,36,18,2,40,79,14.9067638096,3.7746250437,2.314479332,99.8251614555,5.0527442328,22.3158699942,19.1894323922,55.8935478146,24.0937258566
528,6,32,6.6527678315,234.547763611,68,36,20,2,63,90,14.9200930497,5.6907954181,2.4098827924,100.462963663,11.5615599457,18.4085531972,24.7008831893,58.6076783931,21.5276980505
529,21,28,6.655732898,263.024676238,72,36,21,2,38,66,9.1763815181,6.0007627455,4.2916463781,88.4797804534,5.027080033,22.1185264036,18.9669595936,55.012025949,22.111598776
530,6,33,7.0448070149,265.53612046,70,36,24,1,46,93,14.3079513345,6.9190878583,3.500696842,101.449227304,8.3817287889,22.369111998,23.6305142412,60.8317134553,18.6415374723
531,21,32,7.0000675178,228.369627104,58,36,25,1,39,83,11.6238080477,4.6094732923,1.9120937101,98.0450447616,10.7926494277,24.7598171962,23.9739613864,55.0848719494,16.1183037736
532,16,29,6.969413797,231.846452578,82,36,18,1,56,94,14.8509548682,6.1779307933,3.9549036658,92.8483852176,9.3640844608,21.36551545,23.097976895,60.7315538156,23.460605906
533,19,29,6.7983163709,246.284135966,70,2,24,2,58,78,12.2918051698,5.0538033092,2.5920187521,87.3917860096,11.2010502339,22.1542948052,19.3386212656,58.6236792344,26.9137857976
